{
  "version": 1,
  "author": "Anonymous maker",
  "editor": "wokwi",
  "parts": [
    { "type": "wokwi-arduino-uno", "id": "uno", "top": 0, "left": 0, "attrs": {} },
    { "type": "wokwi-mpu6050", "id": "imu1", "top": 128.62, "left": 328.72, "attrs": {} },
    { "type": "wokwi-dht22", "id": "dht1", "top": -86.1, "left": 359.4, "attrs": {} }
  ],
  "connections": [
    [ "imu1:GND", "uno:GND.2", "black", [ "v0" ] ],
    [ "imu1:VCC", "uno:5V", "red", [ "v0" ] ],
    [ "imu1:SDA", "uno:A5", "green", [ "v0" ] ],
    [ "imu1:XDA", "uno:A4", "green", [ "v0" ] ],
    [ "dht1:SDA", "uno:2", "green", [ "v9.6", "h-143.9" ] ],
    [ "dht1:GND", "uno:GND.3", "black", [ "v48", "h-220.8", "v28.8" ] ],
    [ "dht1:VCC", "uno:5V", "red", [ "v0" ] ]
  ],
  "dependencies": {}
}